id,name,email,mobile_number,mobile_number_country_code,password,abheepay_id,dob,gender,address1,address2,city,district,pincode,state,country,pan_number,aadhar_number,pan_number_url,aadhar_number_url,shop_with_photo_url,is_approved,createdAt,updatedAt,role,organization_name,is_pos_asigned,status,wallet,settlement_type,wallet_hold,franchaise_id
124,Franchise1,franchise@gmail.com,9998789988,+91,$2b$10$ThemgNEiIdsVI/xKhF6Lk.fjuVMvHI2B53FkVXRsVr9.QbunwSndW,APM0011,,,,,,,,,,,,,,,f,2026-01-12 16:06:21.802+00,2026-01-12 16:06:21.802+00,merchant,,f,active,0.00,today_settlement,0.00,
103,FM01,fm@gmail.com,123456789,+91,$2b$10$YFDRd5.jn3.XlVlFlXRTVO2vGFskxq6eg0.a4dHsQY6gtaeY6MM9e,APM0002,2025-12-22 00:00:00+00,male,"Sector 44, Gurugram, Haryana 122003","",Gurgaon,GURUGRAM,8253ds21,Haryana,"",23456782345,67449384620,,,,t,2025-12-22 17:32:14.568+00,2025-12-22 17:53:01.322+00,merchant,,t,active,0.00,today_settlement,0.00,
30,Vivek,vivek@abheepay.in.com,8873962933,+91,$2b$10$kMmla5e03d5VrONRP2f9ze16EkJBeWHQX5S/v2pgbz2gR/NIwl/EG,APA0002,,,,,,,,,,23456782345,67449384620,,http://pos.abheepay.com/uploads/1744465880763-cac8561d.png,,t,2025-04-11 12:13:46.39+00,2026-01-13 02:29:46.167+00,admin,,f,active,67756.00,today_settlement,100000.00,
123,kundan kumar singh,rajputkundansinghrajput@gmail.com,7428422473,+91,$2b$10$8MFrCmNDJ9c7KtlTx.YGl.hes4MsGpn8XFDWj4B8SeL9KQjXCyTgi,APM0010,,,,,,,,,,,,,,,f,2026-01-11 12:54:53.558+00,2026-01-11 12:54:53.558+00,merchant,,f,active,0.00,today_settlement,0.00,
129,merchantttt,franchise6@gmail.com,8888887675,+91,$2b$10$IZqh0B4RmTh.2XhQhViPieqVOtiOVzbkVKIYWrYUFU/lti2Dnyiuy,APM0014,,,,,,,,,,,,,,,f,2026-01-13 02:43:05.567+00,2026-01-13 02:43:05.567+00,merchant,,f,active,0.00,today_settlement,0.00,
118,prahlad aryans,arya.pk139@gmail.com,6393766300,+91,$2b$10$s4fpblLICbsUduOPYss4C.T9PQUxCjM5x6WfUdz3b1xc0CDWB8iGu,APM0005,,,,,,,,,,,,,,,f,2026-01-10 15:37:10.35+00,2026-02-18 13:33:18.055+00,merchant,,t,active,2288376.00,today_settlement,0.00,
84,Kundan Singh,kundan08@gmail.com,9667675519,+91,$2b$10$rIt8usBfeKzX8AI./DtoKuIKZ.toq8HJQYAoFeVtjusCYlNpbLlhK,APA0002,,,,,,,,,,,,,,,f,2025-12-11 06:25:38.108+00,2025-12-11 06:25:38.111+00,admin,,f,active,0.00,today_settlement,0.00,
104,akash Raghuvanshi,akash_raghuvanshi@abheepay.com,9311915519,+91,$2b$10$UucRbJp0KuoATzHzcJtBxO3pWOo.EIcAJH.ke7VQXVKfg1MRP4AQ.,APM0003,1985-05-20 00:00:00+00,male,"plot no 78 gali no 10, harphool vihar, bapraula",bapraula ,delhi,west delhi,110043,delhi,"",BCZPK6631B,235938442393,https://res.cloudinary.com/dhigitpcd/image/upload/v1767185792/franchaise/wzzhmgst6rdlcyrtrpqv.jpg,https://res.cloudinary.com/dhigitpcd/image/upload/v1767185794/franchaise/helfolfdkjr4p114a1wf.png,https://res.cloudinary.com/dhigitpcd/image/upload/v1767185795/franchaise/xvkujuka3lvmh68hqujx.png,t,2025-12-31 12:56:16.172+00,2025-12-31 12:56:49.044+00,merchant,,t,active,0.00,today_settlement,0.00,
130,TEKNO INDIA,teknoindia@hotmail.com,9091325033,+91,$2b$10$/WLW.bdGOniocGZmpOrNTOnORYzqyQuTusYDHJCHY5e7O.3RhwVe.,APF0003,,,,,,,,,,,,,,,f,2026-01-13 17:44:39.939+00,2026-01-13 17:44:39.939+00,franchaise,,f,active,0.00,today_settlement,0.00,
105,neeraj negi,neeraj_pal@abheepay.com,7669978026,+91,$2b$10$eg7UznfW4abqBcDDc6Vgaee0J2BIJgVBjYdYocygiIl5TYL8V6hRS,APM0004,2002-03-02 00:00:00+00,male,Up,U,Up,Bareilly,250101,Uttar Pradesh,"",iadpk7441c,463164515235,https://res.cloudinary.com/dhigitpcd/image/upload/v1767198965/franchaise/nhzosn0zrekjnyl2dx3e.png,https://res.cloudinary.com/dhigitpcd/image/upload/v1767198967/franchaise/aqhzu5x4e0a0oygnmohq.jpg,https://res.cloudinary.com/dhigitpcd/image/upload/v1767198969/franchaise/xisbp47elhja25nrmnda.jpg,t,2025-12-31 16:34:10.21+00,2026-01-05 09:40:22.859+00,merchant,,f,active,494294.73,today_settlement,0.00,
126,Test Tarun,test@gmail.com,9425418315,+91,$2b$10$lytclH2NP.lk9crRTQzlZ.DLt8efIr6nNIn7/0ioo6FhgWDVlZevG,APM0012,,,,,,,,,,,,,,,f,2026-01-13 00:11:34.881+00,2026-01-13 00:11:34.881+00,merchant,,f,active,0.00,today_settlement,0.00,
120,chandan kumar,chandan@abheepay.com,9289221232,+91,$2b$10$b4L8t92FBaQCl12FHtFqfetbgtoSYazN.SzXWFbrFyiGSd3l1NvCK,APM0007,,,,,,,,,,,,,,,f,2026-01-11 08:59:21.005+00,2026-01-11 09:02:30.743+00,merchant,,t,active,0.00,today_settlement,0.00,
85,Guru ji,dummy01@gmail.com,8119865074,+91,$2b$10$sBwbP0oPh904KaGKY1HWMuA658LfFX11OStBAArK0G6TryVxYhIEO,APA0003,,,,,,,,,,,,,,,f,2025-12-11 10:24:05.794+00,2025-12-11 10:24:05.795+00,admin,,f,active,0.00,today_settlement,0.00,
86,Rajinder kumar,rajinder@abheepay.com,7669978027,+91,$2b$10$GKvXoLk40hX1lvh/hv8V9.vwzqjrppkXZj.JrU62IFnNDsdKTdXmm,APA0004,,,,,,,,,,,,,,,f,2025-12-11 10:25:13.22+00,2025-12-11 10:25:13.221+00,admin,,f,active,0.00,today_settlement,0.00,
121,chandan kumar,ck0104946@gmail.com,7646048332,+91,$2b$10$JtxUcFM/6B.AO.nxKJtnKOhV9Ts05shQWHITTNDaoBcyuc3kVKF3.,APM0008,,,,,,,,,,,,,,,f,2026-01-11 09:59:04.982+00,2026-02-17 07:33:52.053+00,merchant,,t,active,14561761.20,today_settlement,0.00,
89,Prahlad,prahlad@abheepay.com,6306577691,+91,$2b$10$HIQ7GTN8SFvcBsU32cR33On3TMJW7QaexgY2ChyFTqaD60dt/G7xq,APA0005,,,,,,,,,,,,,,,f,2025-12-11 16:08:47.047+00,2025-12-11 16:08:47.047+00,admin,,f,active,0.00,today_settlement,0.00,
127,Franchise2,franchisee@gmail.com,9425418316,+91,$2b$10$sd50eGl8j7GaBSyR8Lv.gOMA1UpMmCXs4iVfxHsiTPUDdhSDwdXSO,APF0003,2006-02-14 00:00:00+00,male,Middletown,Delhi,Delhi,Delhi,100211,Delhi,"",FRQPB7678P,234234253234,,,,t,2026-01-13 00:37:09.636+00,2026-01-13 00:38:08.661+00,franchaise,,f,active,0.00,today_settlement,0.00,
128,Testing,testing111@gmail.com,9988998899,+91,$2b$10$YG7ShhOsO0Oc2ShIgzoae.EgT2iECD81YPUF24hGmK2eJBxNh48lO,APM0013,,,,,,,,,,,,,,,f,2026-01-13 02:22:49.018+00,2026-01-13 02:22:49.019+00,merchant,,f,active,0.00,today_settlement,0.00,
101,serv and gain,servandgain@gmail.com,8800363288,+91,$2b$10$Iyc4HjulxG7kI8RDXdlJ3uxWu3jiKxVD31NCfZf4kLMMSjLu2o.72,APF0001,1985-05-20 00:00:00+00,male,"plot no 78 gali no 10, harphool vihar, bapraula",bapraula ,delhi,west delhi,110043,delhi,"",BCZPK6631B,235938442393,https://res.cloudinary.com/dhigitpcd/image/upload/v1766311827/franchaise/lnzeihvhstysse7y36qa.jpg,https://res.cloudinary.com/dhigitpcd/image/upload/v1766311829/franchaise/zcahcy9jxmacwtn7djyf.png,https://res.cloudinary.com/dhigitpcd/image/upload/v1766311831/franchaise/osopau56i33o3d7vew7r.jpg,t,2025-12-21 10:09:20.001+00,2025-12-21 10:10:31.754+00,franchaise,,f,active,0.00,today_settlement,0.00,
102,BIKASH KUMAR,saidigital505@gmail.com,9313198198,+91,Merchant@123,APM0001,1985-05-20 00:00:00+00,male,PLOT NO 78 GALI NO 10,HARPHOOL VIHAR ,NEW DELHI,WEST DELHI,110043,DELHI,"",BCZPK6631B,235938442393,https://res.cloudinary.com/dhigitpcd/image/upload/v1766312374/franchaise/xzbhqoxrcunhvjedahnm.jpg,https://res.cloudinary.com/dhigitpcd/image/upload/v1766312376/franchaise/js3kiatsjtt65zgxccwf.png,https://res.cloudinary.com/dhigitpcd/image/upload/v1766312378/franchaise/f8vlckddjffsxfwswodv.jpg,t,2025-12-21 10:18:55.931+00,2026-01-10 14:58:44.313+00,merchant,,f,active,0.00,today_settlement,0.00,101
122,chandan kumar,chandan@abheepay.in,9319878777,+91,$2b$10$iGsZBmfWLqLH/ra3J7De..HTIDzzG8VtMA4VKHpEslwrl48tBVKTO,APM0009,,,,,,,,,,,,,,,f,2026-01-11 12:15:07.03+00,2026-01-11 12:15:07.03+00,merchant,,f,active,0.00,today_settlement,0.00,
