Transaction_ID,Order_ID,Merchant_Unique_Ref,Merchant_Request_Id,Transaction_Date,Updated_Date,Transaction_Type,Status,MID,Merchant_Name,Customer_ID,Customer_Nickname,Payment_Mobile_Number,Payment_Email_Id,Amount,Commission,GST,Merchant_Order_ID,Payout_ID,Channel,UTR_No.,Payout_Date,Settled_Date,Payment_Mode,Issuing_Bank,Reference_Transaction_ID,POS_ID,Merchant_Ref_ID,External_Serial_No,Commission_Rate,Product_Code,GMV_Tier,Transaction_Slab,Request_Type,Refund_Type,Refund_Actor,Split_Flag,Split_MID,Split_Id,Is_Split_Refund,Link_Description,Payment_Reference_Number,Is_PRN_Validated,PRN_Validate_Time,Credit/Debit_Card_Last_4_Digits,Bank_Transaction_ID,Promo_Code,Promo_Response,Settled_Amount,PCF,PCF_GST,FS_Offer_Fee,FS_Offer_GST,Response_code,Customer_VPA,Card_BIN,Customer_Details,Link_Name,Link_Notes,Response_message,Promo_discount_type,Promo_Amount,Original_txn_value_before_promo,Total_Bill_Amount,Instant_Discount,MLV_Amount,Auth_Code,RRN,Prepaid_Card,AdditionalComments,Charge_Target,Fee_Factor,Bank/Gateway,Card_Scheme,ACQUIRING_SERVICE_FEE,ACQUIRING_SERVICE_TAX,PLATFORM_SERVICE_FEE,PLATFORM_SERVICE_TAX,Promo_Cart_Amount,Reseller_ID,Reseller_Name,Employee_Id,Employee_Name,Employee_PhoneNo,Employee_Email,User_Expected_Credit_Date,Order_Reason,Customer_Account_Number,Customer_BANK_IFSC,TEMPLATE_ID,TEMPLATE_NAME,Foreign_Currency,Foreign_Currency_Name,Foreign_Amount,Exchange_Rate,User_Markup_Rate,Refund_Source,Sub_Order_Status,Refund_Reversal_Id,Refund_Reversal_Status,Refund_Reversal_TimeStamp,Capture_Id,Pos_Date,Pos_Time,Add_Money_Type,ARN,Gateway_Response_Code,Gateway_Response_Message,ARN_AVAILABILITY,Split_Reference_Id,UDF2,UDF3,IS_REVERSAL,Settle_Type,Merchant_Payment_Detail_1,Auto_Refund_Type,Settlement_Bundle_Id,Settle_Factors,Is_Dqr_True,SKU_ITEM,Item_Id,Is_Multi_Item,Customer_Convenience_Fee,Total_Paid_Amount
"'20260803010800000291001056835059519'",'2026080311370500003227197415',,,'2026-08-03 11:37:17','2026-08-03 11:37:21','ACQUIRING','SUCCESS','ZULKTR87922186019214','ZULKTRIP TRAVELS SERVICES',,,,,40000.00,,,,,'SYSTEM',,'2026-08-03 11:37:21','2026-08-03 11:37:21','CREDIT_CARD','ICICI',,'27197415',,'6080333183723523097',,'51051000100000000046',,,'EDC',,,,,,,'27197415',,,,'2003','000000000032',,,40000.00,,,,,'01',,,,,,'Txn Success',,,40000.00,,,,'045653','000000000032','false',,,,'HFPP','MASTER',,,,,,,,,,,,'CREDIT_CARD:null',,,,,,,,,,,,,,,,,'0803','113705',,,,,,,'BHAGAVAN JADHAV',,,'INSTANT_BILL',,,,,,,,,,40000.00
"'20260803010950000291138608228470572'",'202608032043520089','LI_936132305',,'2026-08-03 20:43:52','2026-08-03 20:45:17','ACQUIRING','SUCCESS','ZULKTR87922186019214','ZULKTRIP TRAVELS SERVICES','N.A',,,,18300.00,,,,,'WEB','202658035058203','2026-08-03 20:45:17','2026-08-03 20:45:17','CREDIT_CARD','IDFC FIRST Bank',,'27197415',,'6080335689030657073',,'51051000100000000001',,,'LINK_BASED_PAYMENT',,,,,,,'umesh',,,,'0992','202658035058203',,,18300.00,,,,,'01',,,,'ZULKTR8792218601921427197415',,'Txn Success',,,18300.00,,,,'031766','2202658035039853','false',,,,'HDUS','VISA',,,,,,,,,,,,'CREDIT_CARD:null',,,,,,,,,,,,,,,,,,,,,,,,,,,,'INSTANT_BILL',,,,,,,,,,18300.00
"'20260803011060000291022333788095950'",'2026080313013700003627197410',,,'2026-08-03 13:01:50','2026-08-03 13:01:53','ACQUIRING','SUCCESS','ZULKTR39066203017179','ZULKTRIP TRAVELS SERVICES',,,,,96906.00,,,,,'SYSTEM',,'2026-08-03 13:01:53','2026-08-03 13:01:53','CREDIT_CARD','NKMB',,'27197410',,'6080333581073695789',,'51051000100000000046',,,'EDC',,,,,,,'27197410',,,,'2933','000000000036',,,96906.00,,,,,'01',,,,,,'Txn Success',,,96906.00,,,,'666596','000000000036','false',,,,'HFPP','VISA',,,,,,,,,,,,'CREDIT_CARD:null',,,,,,,,,,,,,,,,,'0803','130137',,,,,,,'VISHAL PATIL',,,'INSTANT_BILL',,,,,,,,,,96906.00
"'20260803010940000291020997671808565'",'2026080312562100003527197410',,,'2026-08-03 12:56:31','2026-08-03 12:56:32','ACQUIRING','FAILURE','ZULKTR39066203017179','ZULKTRIP TRAVELS SERVICES',,,,,82356.00,,,,,'SYSTEM',,,,'CREDIT_CARD','NKMB',,'27197410',,'6080333541212385281',,'51051000100000000046',,,'EDC',,,,,,,'27197410',,,,'2933','000000000035',,,,,,,,'ECH_0068',,,,,,'Transaction declined by the customer bank due to suspicious activity on this card',,,82356.00,,,,,'000000000035','false',,,,'HFPP','VISA',,,,,,,,,,,,'CREDIT_CARD:null','PaymentFailOrderClose',,,,,,,,,,,,,,,,'0803','125621',,,,,,,'VISHAL PATIL',,,,,,,,,,,,,82356.00
"'20260803011060000291126583914607146'",'202608031956050091','LI_936110535',,'2026-08-03 19:56:05','2026-08-03 19:57:28','ACQUIRING','SUCCESS','ZULKTR09020380499627','ZULKTRIP TRAVELS SERVICES','1119171755',,'9638142646','pandey21546@gmail.com',49998.00,,,,,'WEB','202658066378990','2026-08-03 19:57:28','2026-08-03 19:57:28','CREDIT_CARD','ICICI Bank',,'27197412',,'6080335466968692749',,'51051000100000000001',,,'LINK_BASED_PAYMENT',,,,,,,'amardeep',,,,'6002','202658066378990',,,49998.00,,,,,'01',,,,'ZULKTR0902038049962727197412',,'Txn Success',,,49998.00,,,,'429112','2202658033609267','false',,,,'HDUS','VISA',,,,,,,,,,,,'CREDIT_CARD:null',,,,,,,,,,,,,,,,,,,,,,,,,,,,'INSTANT_BILL',,,,,,,,,,49998.00
"'20260803010940000291121853545024058'",'202608031937170045','LI_936099261',,'2026-08-03 19:37:17','2026-08-03 19:38:02','ACQUIRING','SUCCESS','ZULKTR59161165924296','ZULKTRIP TRAVELS SERVICES','N.A',,,,30159.00,,,,,'WEB','202658066959488','2026-08-03 19:38:02','2026-08-03 19:38:02','CREDIT_CARD','State Bank of India',,'27197421',,'6080335385093883937',,'51051000100000000001',,,'LINK_BASED_PAYMENT',,,,,,,'rajanish',,,,'7899','202658066959488',,,30159.00,,,,,'01',,,,'ZULKTR5916116592429627197421',,'Txn Success',,,30159.00,,,,'064657','2202658066962728','false',,,,'HDUS','VISA',,,,,,,,,,,,'CREDIT_CARD:null',,,,,,,,,,,,,,,,,,,,,,,,,,,,'INSTANT_BILL',,,,,,,,,,30159.00
"'20260803010930000291162568752341491'",'2026080322184600003127197414',,,'2026-08-03 22:19:05','2026-08-03 22:19:07','ACQUIRING','SUCCESS','ZULKTR17351404436071','ZULKTRIP TRAVELS SERVICES',,,,,24215.00,,,,,'SYSTEM',,'2026-08-03 22:19:07','2026-08-03 22:19:07','CREDIT_CARD','RATN',,'27197414',,'6080336129263424517',,'51051000100000000046',,,'EDC',,,,,,,'27197414',,,,'4502','000000000031',,,24215.00,,,,,'01',,,,,,'Txn Success',,,24215.00,,,,'X80035','000000000031','false',,,,'HFPP','MASTER',,,,,,,,,,,,'CREDIT_CARD:null',,,,,,,,,,,,,,,,,'0803','221846',,,,,,,'SHIVKUMAR JAISWAR',,,'INSTANT_BILL',,,,,,,,,,24215.00
"'20260803010800000291161283005023085'",'2026080322134200003027197414',,,'2026-08-03 22:13:58','2026-08-03 22:14:00','ACQUIRING','SUCCESS','ZULKTR17351404436071','ZULKTRIP TRAVELS SERVICES',,,,,134998.00,,,,,'SYSTEM',,'2026-08-03 22:14:00','2026-08-03 22:14:00','CREDIT_CARD','RATN',,'27197414',,'6080336107052478473',,'51051000100000000046',,,'EDC',,,,,,,'27197414',,,,'3920','000000000030',,,134998.00,,,,,'01',,,,,,'Txn Success',,,134998.00,,,,'683416','000000000030','false',,,,'HFPP','VISA',,,,,,,,,,,,'CREDIT_CARD:null',,,,,,,,,,,,,,,,,'0803','221342',,,,,,,'SANTOS KUMAR SABAT',,,'INSTANT_BILL',,,,,,,,,,134998.00
"'20260803010800000291153949071656445'",'2026080321443400002927197414',,,'2026-08-03 21:44:49','2026-08-03 21:44:52','ACQUIRING','SUCCESS','ZULKTR17351404436071','ZULKTRIP TRAVELS SERVICES',,,,,26001.00,,,,,'SYSTEM',,'2026-08-03 21:44:52','2026-08-03 21:44:52','CREDIT_CARD','IDFC',,'27197414',,'6080335964782245889',,'51051000100000000046',,,'EDC',,,,,,,'27197414',,,,'6296','000000000029',,,26001.00,,,,,'01',,,,,,'Txn Success',,,26001.00,,,,'048100','000000000029','false',,,,'HFPP','VISA',,,,,,,,,,,,'CREDIT_CARD:null',,,,,,,,,,,,,,,,,'0803','214434',,,,,,,'RAWAL/ISHAAN KISHOR',,,'INSTANT_BILL',,,,,,,,,,26001.00
"'20260803011000000291149762871223233'",'2026080321280100002727197414',,,'2026-08-03 21:28:11','2026-08-03 21:28:14','ACQUIRING','SUCCESS','ZULKTR17351404436071','ZULKTRIP TRAVELS SERVICES',,,,,124998.00,,,,,'SYSTEM',,'2026-08-03 21:28:14','2026-08-03 21:28:14','CREDIT_CARD','RATN',,'27197414',,'6080335893512379393',,'51051000100000000046',,,'EDC',,,,,,,'27197414',,,,'2438','000000000027',,,124998.00,,,,,'01',,,,,,'Txn Success',,,124998.00,,,,'X87225','000000000027','false',,,,'HFPP','MASTER',,,,,,,,,,,,'CREDIT_CARD:null',,,,,,,,,,,,,,,,,'0803','212801',,,,,,,'MANISH HIRALAL JHA',,,'INSTANT_BILL',,,,,,,,,,124998.00
"'20260803010960000291135917944130778'",'2026080320325800002627197414',,,'2026-08-03 20:33:10','2026-08-03 20:33:13','ACQUIRING','SUCCESS','ZULKTR17351404436071','ZULKTRIP TRAVELS SERVICES',,,,,98030.00,,,,,'SYSTEM',,'2026-08-03 20:33:13','2026-08-03 20:33:13','CREDIT_CARD','YES',,'27197414',,'6080335640040153097',,'51051000100000000046',,,'EDC',,,,,,,'27197414',,,,'6359','000000000026',,,98030.00,,,,,'01',,,,,,'Txn Success',,,98030.00,,,,'704357','000000000026','false',,,,'HFPP','VISA',,,,,,,,,,,,'CREDIT_CARD:null',,,,,,,,,,,,,,,,,'0803','203258',,,,,,,'RAKESH UTEKAR',,,'INSTANT_BILL',,,,,,,,,,98030.00
"'20260803011100000291129886777556911'",'2026080320090100002527197414',,,'2026-08-03 20:09:13','2026-08-03 20:09:15','ACQUIRING','SUCCESS','ZULKTR17351404436071','ZULKTRIP TRAVELS SERVICES',,,,,9792.00,,,,,'SYSTEM',,'2026-08-03 20:09:15','2026-08-03 20:09:15','CREDIT_CARD','HDFC',,'27197414',,'6080335537094753297',,'51051000100000000046',,,'EDC',,,,,,,'27197414',,,,'5031','000000000025',,,9792.00,,,,,'01',,,,,,'Txn Success',,,9792.00,,,,'050980','000000000025','false',,,,'HFPP','VISA',,,,,,,,,,,,'CREDIT_CARD:null',,,,,,,,,,,,,,,,,'0803','200901',,,,,,,'PRAVIN ASHOK KADAM',,,'INSTANT_BILL',,,,,,,,,,9792.00
"'20260803010990000291118710421106416'",'2026080319243100002427197414',,,'2026-08-03 19:24:48','2026-08-03 19:24:51','ACQUIRING','SUCCESS','ZULKTR17351404436071','ZULKTRIP TRAVELS SERVICES',,,,,94167.00,,,,,'SYSTEM',,'2026-08-03 19:24:51','2026-08-03 19:24:51','CREDIT_CARD','YES',,'27197414',,'6080335328990713897',,'51051000100000000046',,,'EDC',,,,,,,'27197414',,,,'8986','000000000024',,,94167.00,,,,,'01',,,,,,'Txn Success',,,94167.00,,,,'791897','000000000024','false',,,,'HFPP','VISA',,,,,,,,,,,,'CREDIT_CARD:null',,,,,,,,,,,,,,,,,'0803','192431',,,,,,,'SANJAY KAKRE',,,'INSTANT_BILL',,,,,,,,,,94167.00
"'20260803011050000291100627656829208'",'2026080318124600009827197437',,,'2026-08-03 18:12:57','2026-08-03 18:12:58','ACQUIRING','FAILURE','ZULKTR19846338530468','ZULKTRIP TRAVELS SERVICES',,,,,10.00,,,,,'SYSTEM',,,,'CREDIT_CARD','ONEC',,'27197437',,'6080335003176686597',,'51051000100000000046',,,'EDC',,,,,,,'27197437',,,,'4158','000000000098',,,,,,,,'ECH_0026',,,,,,'A technical error occured on this transaction. Please try again',,,10.00,,,,,'000000000098','false',,,,'HFPP','MASTER',,,,,,,,,,,,'CREDIT_CARD:null','PaymentFailOrderClose',,,,,,,,,,,,,,,,'0803','181246',,,,,,,'KUVER SINGH',,,,,,,,,,,,,10.00
"'20260803010970000291151294505324888'",'2026080321340700004327197409',,,'2026-08-03 21:34:17','2026-08-03 21:34:17','ACQUIRING','FAILURE','ZULKTR32964118614782','ZULKTRIP TRAVELS SERVICES',,,,,59992.00,,,,,'SYSTEM',,,,'CREDIT_CARD','YES',,'27197409',,'6080335919615767553',,'51051000100000000046',,,'EDC',,,,,,,'27197409',,,,'0281','000000000043',,,,,,,,'ECH_0029',,,,,,'Transaction declined by the customer bank due to suspicious activity on this card',,,59992.00,,,,,'000000000043','false',,,,'HFPP','VISA',,,,,,,,,,,,'CREDIT_CARD:null','PaymentFailOrderClose',,,,,,,,,,,,,,,,'0803','213407',,,,,,,'NIKUNJ FARIA',,,,,,,,,,,,,59992.00
"'20260803010940000291069667486047967'",'2026080316095000007727197423',,,'2026-08-03 16:09:55','2026-08-03 16:09:58','ACQUIRING','SUCCESS','ZULKTR30345321181577','ZULKTRIP TRAVELS SERVICES',,,,,99998.00,,,,,'SYSTEM',,'2026-08-03 16:09:58','2026-08-03 16:09:58','CREDIT_CARD','AUBL',,'27197423',,'6080334440404460605',,'51051000100000000046',,,'EDC',,,,,,,'27197423',,,,'6736','000000000077',,,99998.00,,,,,'01',,,,,,'Txn Success',,,99998.00,,,,'168899','000000000077','false',,,,'HFPP','VISA',,,,,,,,,,,,'CREDIT_CARD:null',,,,,,,,,,,,,,,,,'0803','160950',,,,,,,'AVASHESH MAURYA',,,'INSTANT_BILL',,,,,,,,,,99998.00
"'20260803011070000291024126685508643'",'2026080313085100007627197423',,,'2026-08-03 13:08:57','2026-08-03 13:08:59','ACQUIRING','FAILURE','ZULKTR30345321181577','ZULKTRIP TRAVELS SERVICES',,,,,11.00,,,,,'SYSTEM',,,,'CREDIT_CARD','SBI',,'27197423',,'6080333611677038593',,'51051000100000000046',,,'EDC',,,,,,,'27197423',,,,'7934','621513661883',,,,,,,,'ECH_0024',,,,,,'Incorrect PIN entered by Customer. Please try again with correct PIN',,,11.00,,,,,'621513661883','false',,,,'HFPP','RUPAY',,,,,,,,,,,,'CREDIT_CARD:null','PaymentFailOrderClose',,,,,,,,,,,,,,,,'0803','130851',,,,,,,'RAVI SHANKAR TIWARI',,,,,,,,,,,,,11.00
"'20260803010960000291156562500896149'",'2026080321550400008827197423',,,'2026-08-03 21:55:13','2026-08-03 21:55:15','ACQUIRING','SUCCESS','ZULKTR30345321181577','ZULKTRIP TRAVELS SERVICES',,,,,41280.00,,,,,'SYSTEM',,'2026-08-03 21:55:15','2026-08-03 21:55:15','CREDIT_CARD','BOBC',,'27197423',,'6080336009544182785',,'51051000100000000046',,,'EDC',,,,,,,'27197423',,,,'8652','000000000088',,,41280.00,,,,,'01',,,,,,'Txn Success',,,41280.00,,,,'X48977','000000000088','false',,,,'HFPP','MASTER',,,,,,,,,,,,'CREDIT_CARD:null',,,,,,,,,,,,,,,,,'0803','215504',,,,,,,'SHAHNAWAZ QURESHI',,,'INSTANT_BILL',,,,,,,,,,41280.00
"'20260803010980000291152560652358701'",'2026080321391300008627197423',,,'2026-08-03 21:39:18','2026-08-03 21:39:20','ACQUIRING','FAILURE','ZULKTR30345321181577','ZULKTRIP TRAVELS SERVICES',,,,,10.00,,,,,'SYSTEM',,,,'CREDIT_CARD','INDS',,'27197423',,'6080335941225039873',,'51051000100000000046',,,'EDC',,,,,,,'27197423',,,,'1495','621521087042',,,,,,,,'ECH_0024',,,,,,'Incorrect PIN entered by Customer. Please try again with correct PIN',,,10.00,,,,,'621521087042','false',,,,'HFPP','RUPAY',,,,,,,,,,,,'CREDIT_CARD:null','PaymentFailOrderClose',,,,,,,,,,,,,,,,'0803','213913',,,,,,,'S SHAIKH',,,,,,,,,,,,,10.00
"'20260803010880000291150698385593390'",'2026080321315100008527197423',,,'2026-08-03 21:31:54','2026-08-03 21:31:57','ACQUIRING','SUCCESS','ZULKTR30345321181577','ZULKTRIP TRAVELS SERVICES',,,,,78981.00,,,,,'SYSTEM',,'2026-08-03 21:31:57','2026-08-03 21:31:57','CREDIT_CARD','IDFC',,'27197423',,'6080335909280418817',,'51051000100000000046',,,'EDC',,,,,,,'27197423',,,,'1631','621521082804',,,78981.00,,,,,'01',,,,,,'Txn Success',,,78981.00,,,,'082765','621521082804','false',,,,'HFPP','RUPAY',,,,,,,,,,,,'CREDIT_CARD:null',,,,,,,,,,,,,,,,,'0803','213151',,,,,,,'SHAIKH/SHAMSHED',,,'INSTANT_BILL',,,,,,,,,,78981.00
"'20260803010860000291150586711932264'",'2026080321311800008427197423',,,'2026-08-03 21:31:28','2026-08-03 21:31:29','ACQUIRING','FAILURE','ZULKTR30345321181577','ZULKTRIP TRAVELS SERVICES',,,,,78982.00,,,,,'SYSTEM',,,,'CREDIT_CARD','IDFC',,'27197423',,'6080335907468910601',,'51051000100000000046',,,'EDC',,,,,,,'27197423',,,,'1631','621521082671',,,,,,,,'ECH_0024',,,,,,'Incorrect PIN entered by Customer. Please try again with correct PIN',,,78982.00,,,,,'621521082671','false',,,,'HFPP','RUPAY',,,,,,,,,,,,'CREDIT_CARD:null','PaymentFailOrderClose',,,,,,,,,,,,,,,,'0803','213118',,,,,,,'SHAIKH/SHAMSHED',,,,,,,,,,,,,78982.00
"'20260803010920000291134050098835817'",'202608032025450091','LI_936125173',,'2026-08-03 20:25:45','2026-08-03 20:34:13','ACQUIRING','SUCCESS','ZULKTR30345321181577','ZULKTRIP TRAVELS SERVICES','N.A',,,,124998.00,,,,,'WEB','202658065273967','2026-08-03 20:34:13','2026-08-03 20:34:13','CREDIT_CARD','ICICI Bank',,'27197423',,'6080335632727392309',,'51051000100000000001',,,'LINK_BASED_PAYMENT',,,,,,,'nitin varma',,,,'7008','202658065273967',,,124998.00,,,,,'01',,,,'ZULKTR3034532118157727197423',,'Txn Success',,,124998.00,,,,'348907','2202658034646462','false',,,,'HDUS','VISA',,,,,,,,,,,,'CREDIT_CARD:null',,,,,,,,,,,,,,,,,,,,,,,,,,,,'INSTANT_BILL',,,,,,,,,,124998.00
"'20260803011060000291128382507540952'",'2026080320030600008127197423',,,'2026-08-03 20:03:14','2026-08-03 20:03:16','ACQUIRING','SUCCESS','ZULKTR30345321181577','ZULKTRIP TRAVELS SERVICES',,,,,9998.00,,,,,'SYSTEM',,'2026-08-03 20:03:16','2026-08-03 20:03:16','CREDIT_CARD','BOBC',,'27197423',,'6080335511392794665',,'51051000100000000046',,,'EDC',,,,,,,'27197423',,,,'1079','000000000081',,,9998.00,,,,,'01',,,,,,'Txn Success',,,9998.00,,,,'124251','000000000081','false',,,,'HFPP','VISA',,,,,,,,,,,,'CREDIT_CARD:null',,,,,,,,,,,,,,,,,'0803','200306',,,,,,,'CHANDRAKALA M',,,'INSTANT_BILL',,,,,,,,,,9998.00
"'20260803011020000291127996044025264'",'2026080320013400008027197423',,,'2026-08-03 20:01:42','2026-08-03 20:01:44','ACQUIRING','SUCCESS','ZULKTR30345321181577','ZULKTRIP TRAVELS SERVICES',,,,,80001.00,,,,,'SYSTEM',,'2026-08-03 20:01:44','2026-08-03 20:01:44','CREDIT_CARD','BOBC',,'27197423',,'6080335504683633693',,'51051000100000000046',,,'EDC',,,,,,,'27197423',,,,'2480','000000000080',,,80001.00,,,,,'01',,,,,,'Txn Success',,,80001.00,,,,'185479','000000000080','false',,,,'HFPP','VISA',,,,,,,,,,,,'CREDIT_CARD:null',,,,,,,,,,,,,,,,,'0803','200134',,,,,,,'N MISHRA',,,'INSTANT_BILL',,,,,,,,,,80001.00
"'20260803010890000291125289748958654'",'2026080319504900007927197423',,,'2026-08-03 19:50:56','2026-08-03 19:50:58','ACQUIRING','FAILURE','ZULKTR30345321181577','ZULKTRIP TRAVELS SERVICES',,,,,80001.00,,,,,'SYSTEM',,,,'CREDIT_CARD','BOBC',,'27197423',,'6080335441263843345',,'51051000100000000046',,,'EDC',,,,,,,'27197423',,,,'2480','000000000079',,,,,,,,'ECH_0020',,,,,,'Transaction declined by the customer bank due to insufficient funds/lower credit limit',,,80001.00,,,,,'000000000079','false',,,,'HFPP','VISA',,,,,,,,,,,,'CREDIT_CARD:null','PaymentFailOrderClose',,,,,,,,,,,,,,,,'0803','195049',,,,,,,'N MISHRA',,,,,,,,,,,,,80001.00
"'20260803010980000291122682163521772'",'2026080319402900007827197423',,,'2026-08-03 19:40:35','2026-08-03 19:40:37','ACQUIRING','SUCCESS','ZULKTR30345321181577','ZULKTRIP TRAVELS SERVICES',,,,,32800.00,,,,,'SYSTEM',,'2026-08-03 19:40:37','2026-08-03 19:40:37','CREDIT_CARD','INDS',,'27197423',,'6080335396839735329',,'51051000100000000046',,,'EDC',,,,,,,'27197423',,,,'5905','000000000078',,,32800.00,,,,,'01',,,,,,'Txn Success',,,32800.00,,,,'088000','000000000078','false',,,,'HFPP','VISA',,,,,,,,,,,,'CREDIT_CARD:null',,,,,,,,,,,,,,,,,'0803','194029',,,,,,,'CHANDRAKALA MISHRA',,,'INSTANT_BILL',,,,,,,,,,32800.00
"'20260803011020000291050325742194365'",'202608031453040093','LI_935922357',,'2026-08-03 14:53:04','2026-08-03 14:54:50','ACQUIRING','SUCCESS','ZULKTR01152203743456','ZULKTRIP TRAVELS SERVICES','N.A',,,,10000.00,,,,,'WEB','202658075455497','2026-08-03 14:54:50','2026-08-03 14:54:50','CREDIT_CARD','State Bank of India',,'27197413',,'6080334078552482861',,'51051000100000000001',,,'LINK_BASED_PAYMENT',,,,,,,'vipin',,,,'9272','202658075455497',,,10000.00,,,,,'01',,,,'ZULKTR0115220374345627197413',,'Txn Success',,,10000.00,,,,'X98546','2202658024511411','false',,,,'HDUS','MASTER',,,,,,,,,,,,'CREDIT_CARD:null',,,,,,,,,,,,,,,,,,,,,,,,,,,,'INSTANT_BILL',,,,,,,,,,10000.00
"'20260803011070000291001413145222606'",'2026080311383500005627197419',,,'2026-08-03 11:38:42','2026-08-03 11:38:44','ACQUIRING','SUCCESS','ZULKTR39986093442127','ZULKTRIP TRAVELS SERVICES',,,,,124998.00,,,,,'SYSTEM',,'2026-08-03 11:38:44','2026-08-03 11:38:44','CREDIT_CARD','HDFC',,'27197419',,'6080333189695062065',,'51051000100000000046',,,'EDC',,,,,,,'27197419',,,,'1693','000000000056',,,124998.00,,,,,'01',,,,,,'Txn Success',,,124998.00,,,,'031007','000000000056','false',,,,'HFPP','VISA',,,,,,,,,,,,'CREDIT_CARD:null',,,,,,,,,,,,,,,,,'0803','113835',,,,,,,'NIKHIL KHAMKAR',,,'INSTANT_BILL',,,,,,,,,,124998.00
"'20260803010810000290997902604555717'",'2026080311242500005527197419',,,'2026-08-03 11:24:45','2026-08-03 11:24:48','ACQUIRING','SUCCESS','ZULKTR39986093442127','ZULKTRIP TRAVELS SERVICES',,,,,13240.00,,,,,'SYSTEM',,'2026-08-03 11:24:48','2026-08-03 11:24:48','CREDIT_CARD','IDFC',,'27197419',,'6080333129766458405',,'51051000100000000046',,,'EDC',,,,,,,'27197419',,,,'4680','000000000055',,,13240.00,,,,,'01',,,,,,'Txn Success',,,13240.00,,,,'016384','000000000055','false',,,,'HFPP','MASTER',,,,,,,,,,,,'CREDIT_CARD:null',,,,,,,,,,,,,,,,,'0803','112425',,,,,,,'BHANJI/KUNAL PRALHAD',,,'INSTANT_BILL',,,,,,,,,,13240.00
"'20260803010870000290995031407042762'",'2026080311131000005427197419',,,'2026-08-03 11:13:20','2026-08-03 11:13:22','ACQUIRING','FAILURE','ZULKTR39986093442127','ZULKTRIP TRAVELS SERVICES',,,,,13240.00,,,,,'SYSTEM',,,,'CREDIT_CARD','IDFC',,'27197419',,'6080333080910413837',,'51051000100000000046',,,'EDC',,,,,,,'27197419',,,,'4680','000000000054',,,,,,,,'ECH_0025',,,,,,'POS transaction not permitted on this card by customer bank. Please contact the bank',,,13240.00,,,,,'000000000054','false',,,,'HFPP','MASTER',,,,,,,,,,,,'CREDIT_CARD:null','PaymentFailOrderClose',,,,,,,,,,,,,,,,'0803','111310',,,,,,,,,,,,,,,,,,,,13240.00
"'20260803010900000291052925166703954'",'2026080315031200005927197419',,,'2026-08-03 15:03:23','2026-08-03 15:03:26','ACQUIRING','SUCCESS','ZULKTR39986093442127','ZULKTRIP TRAVELS SERVICES',,,,,95989.00,,,,,'SYSTEM',,'2026-08-03 15:03:26','2026-08-03 15:03:26','CREDIT_CARD','ICICI',,'27197419',,'6080334137674486801',,'51051000100000000046',,,'EDC',,,,,,,'27197419',,,,'6026','000000000059',,,95989.00,,,,,'01',,,,,,'Txn Success',,,95989.00,,,,'705486','000000000059','false',,,,'HFPP','VISA',,,,,,,,,,,,'CREDIT_CARD:null',,,,,,,,,,,,,,,,,'0803','150312',,,,,,,'PRAMOD WADEKAR',,,'INSTANT_BILL',,,,,,,,,,95989.00
"'20260803010990000291013619127473205'",'202608031227120060','LI_935897206',,'2026-08-03 12:27:12','2026-08-03 12:29:34','ACQUIRING','SUCCESS','ZULKTR39986093442127','ZULKTRIP TRAVELS SERVICES','N.A',,,,124998.00,,,,,'WEB','202658020186345','2026-08-03 12:29:34','2026-08-03 12:29:34','CREDIT_CARD','RBL Bank',,'27197419',,'6080333422093231129',,'51051000100000000001',,,'LINK_BASED_PAYMENT',,,,,,,'bill',,,,'4359','202658020186345',,,124998.00,,,,,'01',,,,'ZULKTR3998609344212727197419',,'Txn Success',,,124998.00,,,,'X28965','2202658020166107','false',,,,'HDUS','MASTER',,,,,,,,,,,,'CREDIT_CARD:null',,,,,,,,,,,,,,,,,,,,,,,,,,,,'INSTANT_BILL',,,,,,,,,,124998.00
"'20260803010940000291100917461957187'",'2026080318133700006027197419',,,'2026-08-03 18:14:06','2026-08-03 18:14:09','ACQUIRING','SUCCESS','ZULKTR39986093442127','ZULKTRIP TRAVELS SERVICES',,,,,41437.00,,,,,'SYSTEM',,'2026-08-03 18:14:09','2026-08-03 18:14:09','CREDIT_CARD','YES',,'27197419',,'6080335008345701405',,'51051000100000000046',,,'EDC',,,,,,,'27197419',,,,'0787','000000000060',,,41437.00,,,,,'01',,,,,,'Txn Success',,,41437.00,,,,'X87360','000000000060','false',,,,'HFPP','MASTER',,,,,,,,,,,,'CREDIT_CARD:null',,,,,,,,,,,,,,,,,'0803','181337',,,,,,,'DEEPAK KUMAR SINGH',,,'INSTANT_BILL',,,,,,,,,,41437.00
